"","name","rank","early_i","late_i","max_ma","min_ma","lng","lat","paleolng","paleolat","group","max_m","min_m","Mlng","Mlat"
"3","Triassagrion australiense","species","Norian","",228,208.5,152.753998,-27.621,114.05,-60.76,"Archizygoptera",23,21,118.1832,-58.3847
"56","Moltenagrion koningskroonensis","species","Carnian","",237,228,28,-31.5,-1.79,-53.41,"Archizygoptera",24,23,-3.1265,-60.2977
"13100","Blattodea","order","Norian","",228,208.5,-79.668999,36.540901,-12.82,9.85,"Blattodea",23,21,-19.7049,4.0879
"4410","Austromylacrites latus","species","Norian","",228,208.5,152.753998,-27.621,114.05,-60.76,"Blattodea",23,21,118.1832,-58.3847
"45","Blattodea","order","Norian","",228,208.5,152.753998,-27.621,114.05,-60.76,"Blattodea",23,21,118.1832,-58.3847
"4610","Austroblattula ipsviciensis","species","Norian","",228,208.5,152.753998,-27.621,114.05,-60.76,"Blattodea",23,21,118.1832,-58.3847
"5610","Blattodea","order","Carnian","",237,228,26.833332,-31.466667,-2.97,-52.71,"Blattodea",24,23,-4.7415,-59.7152
"5710","Blattodea","order","Late Triassic","",237,201.3,29.049999,-28.566668,10.1,-51.82,"Blattodea",24,20,1.4142,-58.2827
"5810","Blattodea","order","Carnian","",237,228,27.130301,-30.4214,-1.51,-52.11,"Blattodea",24,23,-3.1882,-58.9868
"127","Argentinoblatta herbsti","species","Carnian","",237,228,-67.76667,-29.883333,-26.28,-36.05,"Blattodea",24,23,-34.106,-44.3772
"128","Argentinoblatta","genus","Carnian","",237,228,-67.76667,-29.883333,-26.28,-36.05,"Blattodea",24,23,-34.106,-44.3772
"129","Condorblatta lutzae","species","Carnian","",237,228,-67.76667,-29.883333,-26.28,-36.05,"Blattodea",24,23,-34.106,-44.3772
"130","Condorblatta lutzae","species","Carnian","",237,228,-67.555,-29.752001,-26.06,-35.92,"Blattodea",24,23,-34.0196,-45.5096
"131","Mancusoblatta pulchella","species","Carnian","",237,228,-67.76667,-29.883333,-26.28,-36.05,"Blattodea",24,23,-34.106,-44.3772
"132","Hermosablatta pectinata","species","Carnian","",237,228,-67.76667,-29.883333,-26.28,-36.05,"Blattodea",24,23,-34.106,-44.3772
"133","Hermosablatta crassatella","species","Carnian","",237,228,-67.76667,-29.883333,-26.28,-36.05,"Blattodea",24,23,-34.106,-44.3772
"134","Hermosablatta crassatella","species","Carnian","",237,228,-67.555,-29.752001,-26.06,-35.92,"Blattodea",24,23,-34.0196,-45.5096
"135","Hermosablatta","genus","Carnian","",237,228,-67.555,-29.752001,-26.06,-35.92,"Blattodea",24,23,-34.0196,-45.5096
"136","Lariojablatta chanarensis","species","Carnian","",237,228,-67.816666,-29.833332,-26.33,-36.01,"Blattodea",24,23,-34.1708,-44.33
"143","Pulchellablatta nana","species","Carnian","",237,228,-67.76667,-29.883333,-26.28,-36.05,"Blattodea",24,23,-34.106,-44.3772
"144","Argentinoblattula revelata","species","Carnian","",237,228,-67.76667,-29.883333,-26.28,-36.05,"Blattodea",24,23,-34.106,-44.3772
"150","Condorblatta lutzae","species","Carnian","",237,228,-67.816666,-29.833332,-26.33,-36.01,"Blattodea",24,23,-34.1708,-44.33
"449","Sardyoblattina kimurai","species","Carnian","",237,228,131.169998,34.185001,134.63,17.8,"Blattodea",24,23,116.7747,43.1149
"450","Blattodea","order","Carnian","",237,228,131.169998,34.185001,134.63,17.8,"Blattodea",24,23,116.7747,43.1149
"451","Pedinoblatta ishidae","species","Carnian","",237,228,131.169998,34.185001,134.63,17.8,"Blattodea",24,23,116.7747,43.1149
"516","Hermosablatta pygmaea","species","Carnian","",237,228,-69.113998,-29.080999,-27.76,-35.29,"Blattodea",24,23,-35.7976,-43.6429
"2961","Coleoptera","order","Carnian","Norian",237,208.5,18.275557,50.665833,27.93,33.11,"Coleoptera",24,21,18.4822,28.0504
"3212","Coleoptera","order","Norian","",228,208.5,-53.446667,-29.5625,-6.86,-38.53,"Coleoptera",23,21,-16.8325,-44.09
"3562","Platycrossos caroli","species","Carnian","",237,228,15.03,47.847,35.99,16.02,"Coleoptera",24,23,21.2741,16.369
"3633","Hydrobiites handlirschi","species","Carnian","",237,228,15.03,47.847,35.99,16.02,"Coleoptera",24,23,21.2741,16.369
"3741","Ademosyne polyzetete","species","Carnian","",237,228,15.03,47.847,35.99,16.02,"Coleoptera",24,23,21.2741,16.369
"3827","Diarcuipenna bennettitophila","species","Carnian","",237,228,15.03,47.847,35.99,16.02,"Coleoptera",24,23,21.2741,16.369
"3911","Polyphaga","suborder","Carnian","",237,228,15.03,47.847,35.99,16.02,"Coleoptera",24,23,21.2741,16.369
"4010","Pseudobuprestites pterophylli","species","Carnian","",237,228,9.52,47.139999,26.51,26.85,"Coleoptera",24,23,17.6714,17.9519
"4110","Pseudocurculionites prodromus","species","Carnian","",237,228,9.52,47.139999,26.51,26.85,"Coleoptera",24,23,17.6714,17.9519
"5311","Coleoptera","order","Carnian","",237,228,26.833332,-31.466667,-2.97,-52.71,"Coleoptera",24,23,-4.7415,-59.7152
"9110","Phoroschizidae","family","Norian","",228,208.5,-79.668999,36.540901,-12.82,9.85,"Coleoptera",23,21,-19.7049,4.0879
"22110","Ademosyne llantenesensis","species","Norian","",228,208.5,-69.589996,-35.630001,-23.06,-45.59,"Coleoptera",23,21,-35.8662,-50.204
"22210","Ademosyne rosenfeldi","species","Norian","",228,208.5,-69.589996,-35.630001,-23.06,-45.59,"Coleoptera",23,21,-35.8662,-50.204
"2505","Ademosyne australiensis","species","Norian","",228,208.5,152.753998,-27.621,114.05,-60.76,"Coleoptera",23,21,118.1832,-58.3847
"25110","Ademosynoides angusta","species","Norian","",228,208.5,152.753998,-27.621,114.05,-60.76,"Coleoptera",23,21,118.1832,-58.3847
"252","Ademosynoides obtusa","species","Norian","",228,208.5,152.753998,-27.621,114.05,-60.76,"Coleoptera",23,21,118.1832,-58.3847
"253","Ademosyne olliffi","species","Norian","",228,208.5,152.753998,-27.621,114.05,-60.76,"Coleoptera",23,21,118.1832,-58.3847
"254","Ademosyne major","species","Norian","",228,208.5,152.753998,-27.621,114.05,-60.76,"Coleoptera",23,21,118.1832,-58.3847
"25510","Ademosynoides minor","species","Norian","",228,208.5,152.753998,-27.621,114.05,-60.76,"Coleoptera",23,21,118.1832,-58.3847
"25610","Ademosyne congener","species","Norian","",228,208.5,152.753998,-27.621,114.05,-60.76,"Coleoptera",23,21,118.1832,-58.3847
"25710","Platycrossos tumidus","species","Norian","",228,208.5,152.753998,-27.621,114.05,-60.76,"Coleoptera",23,21,118.1832,-58.3847
"25810","Ademosyne cameroni","species","Norian","",228,208.5,152.753998,-27.621,114.05,-60.76,"Coleoptera",23,21,118.1832,-58.3847
"25910","Ademosyne punctata","species","Norian","",228,208.5,152.753998,-27.621,114.05,-60.76,"Coleoptera",23,21,118.1832,-58.3847
"26010","Ulomites willcoxi","species","Norian","",228,208.5,152.753998,-27.621,114.05,-60.76,"Coleoptera",23,21,118.1832,-58.3847
"26110","Mesothoris clathrata","species","Norian","",228,208.5,152.753998,-27.621,114.05,-60.76,"Coleoptera",23,21,118.1832,-58.3847
"265","Mesostigmodera typica","species","Norian","",228,208.5,152.753998,-27.621,114.05,-60.76,"Coleoptera",23,21,118.1832,-58.3847
"266","Etheridgea australis","species","Norian","",228,208.5,152.753998,-27.621,114.05,-60.76,"Coleoptera",23,21,118.1832,-58.3847
"315","Kenderlyka consobrina","species","Norian","",228,208.5,85.199997,47.5,80.08,58.25,"Coleoptera",23,21,64.1849,55.1534
"3509","Coleoptera","order","Carnian","",237,228,9.99,49.790001,25.94,29.47,"Coleoptera",24,23,13.6961,24.814
"35410","Ademosyne speciosa","species","Carnian","",237,228,26.833332,-31.466667,-2.97,-52.71,"Coleoptera",24,23,-4.7415,-59.7152
"35510","Moltenocupes townrowi","species","Carnian","",237,228,29.5,-29.5,2.03,-52.75,"Coleoptera",24,23,1.1599,-59.287
"3563","Ademosyne speciosa","species","Carnian","",237,228,29.5,-29.5,2.03,-52.75,"Coleoptera",24,23,1.1599,-59.287
"3572","Ademosyne prisca","species","Carnian","",237,228,29.5,-29.5,2.03,-52.75,"Coleoptera",24,23,1.1599,-59.287
"358","Umkomaasia depressa","species","Carnian","",237,228,29.459999,-29.540001,1.94,-52.76,"Coleoptera",24,23,1.0614,-59.3037
"3591","Pseudosilphites natalensis","species","Carnian","",237,228,29.459999,-29.540001,1.94,-52.76,"Coleoptera",24,23,1.0614,-59.3037
"3601","Coleoptera","order","Late Triassic","",237,201.3,29.049999,-28.566668,10.1,-51.82,"Coleoptera",24,20,1.4142,-58.2827
"36110","Coleoptera","order","Late Triassic","",237,201.3,29.5,-29.5,9.94,-52.82,"Coleoptera",24,20,1.1599,-59.287
"36210","Moltenocupes townrowi","species","Carnian","",237,228,28,-31.533333,-1.82,-53.43,"Coleoptera",24,23,-3.1637,-60.3255
"3636","Ademosyne reducta","species","Carnian","",237,228,26.833332,-31.466667,-2.97,-52.71,"Coleoptera",24,23,-4.7415,-59.7152
"4891","Notocupes oxypygus","species","Carnian","",237,228,80.349998,43.450001,82.99,47.04,"Coleoptera",24,23,65.468,49.9247
"5112","Gnathosyne akkolkensis","species","Norian","",228,208.5,85.199997,47.5,80.08,58.25,"Coleoptera",23,21,64.1849,55.1534
"5231","Tricoleus punctatus","species","Carnian","",237,228,80.349998,43.450001,82.99,47.04,"Coleoptera",24,23,65.468,49.9247
"5241","Tricoleus incertus","species","Carnian","",237,228,80.349998,43.450001,82.99,47.04,"Coleoptera",24,23,65.468,49.9247
"535","Hadeocoleodes calus","species","Carnian","",237,228,80.349998,43.450001,82.99,47.04,"Coleoptera",24,23,65.468,49.9247
"5791","Ademosyne arcucciae","species","Carnian","",237,228,-67.555,-29.752001,-26.06,-35.92,"Coleoptera",24,23,-34.0196,-45.5096
"5801","Ademosyne arcucciae","species","Carnian","",237,228,-67.543999,-29.785,-26.04,-35.95,"Coleoptera",24,23,-34.0034,-45.542
"5812","Ademosyne arcucciae","species","Carnian","",237,228,-67.76667,-29.883333,-26.28,-36.05,"Coleoptera",24,23,-34.106,-44.3772
"5841","Ademosyne arcucciae","species","Carnian","",237,228,-69.113998,-29.080999,-27.76,-35.29,"Coleoptera",24,23,-35.7976,-43.6429
"586","Ademosyne elongatus","species","Carnian","",237,228,-67.76667,-29.883333,-26.28,-36.05,"Coleoptera",24,23,-34.106,-44.3772
"5871","Ademosyne elongatus","species","Carnian","",237,228,-67.555,-29.752001,-26.06,-35.92,"Coleoptera",24,23,-34.0196,-45.5096
"5881","Ademosyne hexacostata","species","Carnian","",237,228,-67.555,-29.752001,-26.06,-35.92,"Coleoptera",24,23,-34.0196,-45.5096
"5891","Ademosyne hexacostata","species","Carnian","",237,228,-67.76667,-29.883333,-26.28,-36.05,"Coleoptera",24,23,-34.106,-44.3772
"590","Ademosyne punctuada","species","Carnian","",237,228,-67.555,-29.752001,-26.06,-35.92,"Coleoptera",24,23,-34.0196,-45.5096
"591","Ademosyne punctuada","species","Carnian","",237,228,-67.76667,-29.883333,-26.28,-36.05,"Coleoptera",24,23,-34.106,-44.3772
"5921","Ademosyne punctuada","species","Carnian","",237,228,-67.543999,-29.785,-26.04,-35.95,"Coleoptera",24,23,-34.0034,-45.542
"5931","Argentinosyne frenguellii","species","Carnian","",237,228,-67.555,-29.752001,-26.06,-35.92,"Coleoptera",24,23,-34.0196,-45.5096
"5941","Argentinosyne frenguellii","species","Carnian","",237,228,-67.76667,-29.883333,-26.28,-36.05,"Coleoptera",24,23,-34.106,-44.3772
"5951","Argentinosyne gonaldiae","species","Carnian","",237,228,-67.76667,-29.883333,-26.28,-36.05,"Coleoptera",24,23,-34.106,-44.3772
"597","Argentinosyne gonaldiae","species","Norian","",228,208.5,-69.160004,-32.459999,-23.37,-42.41,"Coleoptera",23,21,-35.5949,-47.0191
"598","Argentinosyne gualoensis","species","Carnian","",237,228,-67.76667,-29.883333,-26.28,-36.05,"Coleoptera",24,23,-34.106,-44.3772
"5991","Argentinosyne rugosa","species","Carnian","",237,228,-67.76667,-29.883333,-26.28,-36.05,"Coleoptera",24,23,-34.106,-44.3772
"600","Argentinosyne rugosa","species","Norian","",228,208.5,-69.160004,-32.459999,-23.37,-42.41,"Coleoptera",23,21,-35.5949,-47.0191
"6012","Argentinosyne losrastrosensis","species","Carnian","",237,228,-67.76667,-29.883333,-26.28,-36.05,"Coleoptera",24,23,-34.106,-44.3772
"6021","Argentinosyne losrastrosensis","species","Carnian","",237,228,-67.555,-29.752001,-26.06,-35.92,"Coleoptera",24,23,-34.0196,-45.5096
"6031","Permosynidae","family","Carnian","",237,228,-67.76667,-29.883333,-26.28,-36.05,"Coleoptera",24,23,-34.106,-44.3772
"6041","Argentinocupes pulcher","species","Carnian","",237,228,-67.76667,-29.883333,-26.28,-36.05,"Coleoptera",24,23,-34.106,-44.3772
"6051","Argentinocupes abdalai","species","Carnian","",237,228,-67.76667,-29.883333,-26.28,-36.05,"Coleoptera",24,23,-34.106,-44.3772
"6061","Gemelina triangularis","species","Carnian","",237,228,-67.555,-29.752001,-26.06,-35.92,"Coleoptera",24,23,-34.0196,-45.5096
"6071","Gemelina triangularis","species","Carnian","",237,228,-69.113998,-29.080999,-27.76,-35.29,"Coleoptera",24,23,-35.7976,-43.6429
"608","Cardiosyne obesa","species","Carnian","",237,228,-67.555,-29.752001,-26.06,-35.92,"Coleoptera",24,23,-34.0196,-45.5096
"6091","Cardiosyne obesa","species","Carnian","",237,228,-67.76667,-29.883333,-26.28,-36.05,"Coleoptera",24,23,-34.106,-44.3772
"6111","Cardiosyne elegans","species","Carnian","",237,228,-67.76667,-29.883333,-26.28,-36.05,"Coleoptera",24,23,-34.106,-44.3772
"615","Coleoptera","order","Carnian","",237,228,-67.543999,-29.785,-26.04,-35.95,"Coleoptera",24,23,-34.0034,-45.542
"616","Coleoptera","order","Carnian","",237,228,-67.555,-29.752001,-26.06,-35.92,"Coleoptera",24,23,-34.0196,-45.5096
"6221","Argentinosyne duraznoensis","species","Carnian","",237,228,-69.114998,-33.080002,-27.58,-39.29,"Coleoptera",24,23,-35.4881,-47.636
"6231","Argentinosyne bonapartei","species","Carnian","",237,228,-67.816666,-29.833332,-26.33,-36.01,"Coleoptera",24,23,-34.1708,-44.33
"6241","Argentinocupes pulcher","species","Carnian","",237,228,-67.816666,-29.833332,-26.33,-36.01,"Coleoptera",24,23,-34.1708,-44.33
"6681","Platycoxa jurassica","species","Norian","",228,208.5,85.199997,47.5,80.08,58.25,"Coleoptera",23,21,64.1849,55.1534
"718","Necronectulus avus","species","Norian","",228,208.5,85.199997,47.5,80.08,58.25,"Coleoptera",23,21,64.1849,55.1534
"719","Triadogyrus sternalis","species","Norian","",228,208.5,37.049999,49.18,40.37,39.41,"Coleoptera",23,21,31.1034,33.5539
"794","Colymbotethis antecessor","species","Norian","",228,208.5,85.199997,47.5,80.08,58.25,"Coleoptera",23,21,64.1849,55.1534
"1282","Pseudochrysomelites rothenbachi","species","Carnian","",237,228,7.632,47.528,25.01,26.85,"Coleoptera",24,23,13.1873,22.1079
"1415","Leehermania prorova","species","Norian","",228,208.5,-79.668999,36.540901,-12.82,9.85,"Coleoptera",23,21,-19.7049,4.0879
"1864","Moltenocupes townrowi","species","Carnian","",237,228,29.459999,-29.540001,1.94,-52.76,"Coleoptera",24,23,1.0614,-59.3037
"2066","Ademosyne","genus","Carnian","",237,228,-72.957001,-37.171001,-31.6,-43.48,"Coleoptera",24,23,-40.0616,-51.8657
"2067","Ischichucasyne santajuanaensis","species","Carnian","",237,228,-72.957001,-37.171001,-31.6,-43.48,"Coleoptera",24,23,-40.0616,-51.8657
"2140","Protonectes germanicus","species","Tuvalian","",232,221.5,10.671,50.011501,24.39,30.22,"Coleoptera",23,22,14.0259,25.204
"2141","Carabilarva triassica","species","Tuvalian","",232,221.5,10.671,50.011501,24.39,30.22,"Coleoptera",23,22,14.0259,25.204
"2142","Larvula triassica","species","Tuvalian","",232,221.5,10.671,50.011501,24.39,30.22,"Coleoptera",23,22,14.0259,25.204
"2143","Zygadenia","genus","Tuvalian","",232,221.5,10.671,50.011501,24.39,30.22,"Coleoptera",23,22,14.0259,25.204
"2157","Mormolucoides articulatus","species","Norian","",228,208.5,-79.668999,36.540901,-12.82,9.85,"Coleoptera",23,21,-19.7049,4.0879
"2158","Mormolucoides articulatus","species","Tuvalian","",232,221.5,-79.970001,36.419998,-11.81,10.61,"Coleoptera",23,22,-19.9502,3.9726
"2171","Ademosyne parva","species","Norian","",228,208.5,152.753998,-27.621,114.05,-60.76,"Coleoptera",23,21,118.1832,-58.3847
"2172","Ademosyne intermedia","species","Norian","",228,208.5,152.753998,-27.621,114.05,-60.76,"Coleoptera",23,21,118.1832,-58.3847
"2173","Ademosyne lata","species","Norian","",228,208.5,152.753998,-27.621,114.05,-60.76,"Coleoptera",23,21,118.1832,-58.3847
"2174","Ademosyne brevis","species","Norian","",228,208.5,152.753998,-27.621,114.05,-60.76,"Coleoptera",23,21,118.1832,-58.3847
"2175","Ademosyne curvata","species","Norian","",228,208.5,152.753998,-27.621,114.05,-60.76,"Coleoptera",23,21,118.1832,-58.3847
"2176","Ademosyne ramocostata","species","Norian","",228,208.5,152.753998,-27.621,114.05,-60.76,"Coleoptera",23,21,118.1832,-58.3847
"2177","Ademosyne rugulosa","species","Norian","",228,208.5,152.753998,-27.621,114.05,-60.76,"Coleoptera",23,21,118.1832,-58.3847
"2178","Ademosyne vittamargina","species","Norian","",228,208.5,152.753998,-27.621,114.05,-60.76,"Coleoptera",23,21,118.1832,-58.3847
"2179","Ademosyne adunca","species","Norian","",228,208.5,152.753998,-27.621,114.05,-60.76,"Coleoptera",23,21,118.1832,-58.3847
"2180","Ademosynoides alternata","species","Norian","",228,208.5,152.753998,-27.621,114.05,-60.76,"Coleoptera",23,21,118.1832,-58.3847
"2181","Ademosynoides abnormis","species","Norian","",228,208.5,152.753998,-27.621,114.05,-60.76,"Coleoptera",23,21,118.1832,-58.3847
"2182","Ademosynoides magnifica","species","Norian","",228,208.5,152.753998,-27.621,114.05,-60.76,"Coleoptera",23,21,118.1832,-58.3847
"2183","Platycrossos ligulatus","species","Norian","",228,208.5,152.753998,-27.621,114.05,-60.76,"Coleoptera",23,21,118.1832,-58.3847
"2184","Platycrossos subtumidus","species","Norian","",228,208.5,152.753998,-27.621,114.05,-60.76,"Coleoptera",23,21,118.1832,-58.3847
"2185","Simmondsia subpiriformis","species","Norian","",228,208.5,152.753998,-27.621,114.05,-60.76,"Coleoptera",23,21,118.1832,-58.3847
"2186","Simmondsia cylindrica","species","Norian","",228,208.5,152.753998,-27.621,114.05,-60.76,"Coleoptera",23,21,118.1832,-58.3847
"2187","Grammositum bilineatus","species","Norian","",228,208.5,152.753998,-27.621,114.05,-60.76,"Coleoptera",23,21,118.1832,-58.3847
"2188","Shepherdia quadrivittata","species","Norian","",228,208.5,152.753998,-27.621,114.05,-60.76,"Coleoptera",23,21,118.1832,-58.3847
"2189","Polysitum punctatus","species","Norian","",228,208.5,152.753998,-27.621,114.05,-60.76,"Coleoptera",23,21,118.1832,-58.3847
"2190","Polysitum minutus","species","Norian","",228,208.5,152.753998,-27.621,114.05,-60.76,"Coleoptera",23,21,118.1832,-58.3847
"2191","Elateridium subulatum","species","Norian","",228,208.5,152.753998,-27.621,114.05,-60.76,"Coleoptera",23,21,118.1832,-58.3847
"2192","Elateridium transversum","species","Norian","",228,208.5,152.753998,-27.621,114.05,-60.76,"Coleoptera",23,21,118.1832,-58.3847
"2193","Mesothoris punctomarginum","species","Norian","",228,208.5,152.753998,-27.621,114.05,-60.76,"Coleoptera",23,21,118.1832,-58.3847
"2194","Elaterium bipunctatum","species","Norian","",228,208.5,152.753998,-27.621,114.05,-60.76,"Coleoptera",23,21,118.1832,-58.3847
"2195","Reeveana major","species","Norian","",228,208.5,152.753998,-27.621,114.05,-60.76,"Coleoptera",23,21,118.1832,-58.3847
"2196","Reeveana intermedia","species","Norian","",228,208.5,152.753998,-27.621,114.05,-60.76,"Coleoptera",23,21,118.1832,-58.3847
"2197","Reeveana minor","species","Norian","",228,208.5,152.753998,-27.621,114.05,-60.76,"Coleoptera",23,21,118.1832,-58.3847
"2198","Tryoniopsis punctata","species","Norian","",228,208.5,152.753998,-27.621,114.05,-60.76,"Coleoptera",23,21,118.1832,-58.3847
"2199","Tryoniopsis granulata","species","Norian","",228,208.5,152.753998,-27.621,114.05,-60.76,"Coleoptera",23,21,118.1832,-58.3847
"2200","Mesolobites trivittatus","species","Norian","",228,208.5,152.753998,-27.621,114.05,-60.76,"Coleoptera",23,21,118.1832,-58.3847
"2201","Mesolobites tuberculatus","species","Norian","",228,208.5,152.753998,-27.621,114.05,-60.76,"Coleoptera",23,21,118.1832,-58.3847
"2202","Mesolobites granulatus","species","Norian","",228,208.5,152.753998,-27.621,114.05,-60.76,"Coleoptera",23,21,118.1832,-58.3847
"2203","Mesolobites quadripartita","species","Norian","",228,208.5,152.753998,-27.621,114.05,-60.76,"Coleoptera",23,21,118.1832,-58.3847
"2204","Mesolobites tenuiclathrata","species","Norian","",228,208.5,152.753998,-27.621,114.05,-60.76,"Coleoptera",23,21,118.1832,-58.3847
"2205","Willcoxia magnopunctata","species","Norian","",228,208.5,152.753998,-27.621,114.05,-60.76,"Coleoptera",23,21,118.1832,-58.3847
"2206","Tillyardiopsis tuberculata","species","Norian","",228,208.5,152.753998,-27.621,114.05,-60.76,"Coleoptera",23,21,118.1832,-58.3847
"2207","Tillyardiopsis granulata","species","Norian","",228,208.5,152.753998,-27.621,114.05,-60.76,"Coleoptera",23,21,118.1832,-58.3847
"2208","Leioodes pygmaeum","species","Norian","",228,208.5,152.753998,-27.621,114.05,-60.76,"Coleoptera",23,21,118.1832,-58.3847
"2209","Leioodes planum","species","Norian","",228,208.5,152.753998,-27.621,114.05,-60.76,"Coleoptera",23,21,118.1832,-58.3847
"2210","Apheloodes rugosum","species","Norian","",228,208.5,152.753998,-27.621,114.05,-60.76,"Coleoptera",23,21,118.1832,-58.3847
"2211","Apheloodes obliquum","species","Norian","",228,208.5,152.753998,-27.621,114.05,-60.76,"Coleoptera",23,21,118.1832,-58.3847
"2212","Ademosynoides striatella","species","Norian","",228,208.5,152.753998,-27.621,114.05,-60.76,"Coleoptera",23,21,118.1832,-58.3847
"2214","Mesothoris grandis","species","Norian","",228,208.5,152.753998,-27.621,114.05,-60.76,"Coleoptera",23,21,118.1832,-58.3847
"2215","Tillyardiopsis variotuberculata","species","Norian","",228,208.5,152.753998,-27.621,114.05,-60.76,"Coleoptera",23,21,118.1832,-58.3847
"2367","Diarcuipenna heterosa","species","Norian","",228,208.5,113.800003,27.995001,123.59,28.57,"Coleoptera",23,21,100.7363,27.3634
"2368","Dzeregia juxta","species","Norian","",228,208.5,113.800003,27.995001,123.59,28.57,"Coleoptera",23,21,100.7363,27.3634
"2528","Menephiloides minensis","species","Carnian","",237,228,131.169998,34.185001,134.63,17.8,"Coleoptera",24,23,116.7747,43.1149
"2529","Clathropenna rugosa","species","Carnian","",237,228,131.169998,34.185001,134.63,17.8,"Coleoptera",24,23,116.7747,43.1149
"2530","Ademosynoides japonicus","species","Carnian","",237,228,131.169998,34.185001,134.63,17.8,"Coleoptera",24,23,116.7747,43.1149
"2579","Toksunius chinaticus","species","Carnian","",237,228,88.18,43.125,90.36,50.01,"Coleoptera",24,23,72.2225,53.8274
"2580","Ademosynoides minor","species","Carnian","",237,228,88.18,43.125,90.36,50.01,"Coleoptera",24,23,72.2225,53.8274
"2581","Agrascapha curta","species","Carnian","",237,228,88.18,43.125,90.36,50.01,"Coleoptera",24,23,72.2225,53.8274
"2582","Euroscapha hoplopoda","species","Carnian","",237,228,88.18,43.125,90.36,50.01,"Coleoptera",24,23,72.2225,53.8274
"2583","Euroscapha rectabdomena","species","Carnian","",237,228,88.18,43.125,90.36,50.01,"Coleoptera",24,23,72.2225,53.8274
"2692","Coleoptera","order","Tuvalian","",232,221.5,14.05,52.040001,25.82,32.89,"Coleoptera",23,22,15.1137,27.9758
"2710","Stargelytron larissae","species","Tuvalian","",232,221.5,10.671,50.011501,24.39,30.22,"Coleoptera",23,22,14.0259,25.204
"2711","Coptoclavidae","family","Tuvalian","",232,221.5,10.695,50.006001,24.41,30.22,"Coleoptera",23,22,14.0439,25.2058
"2954","Ademosyne umutu","species","Carnian","",237,228,-69.113998,-29.080999,-27.76,-35.29,"Coleoptera",24,23,-35.7976,-43.6429
"2955","Argentinosyne frenguellii","species","Carnian","",237,228,-69.113998,-29.080999,-27.76,-35.29,"Coleoptera",24,23,-35.7976,-43.6429
"2956","Argentinocupes pulcher","species","Carnian","",237,228,-69.113998,-29.080999,-27.76,-35.29,"Coleoptera",24,23,-35.7976,-43.6429
"2957","Argentinocupes sara","species","Carnian","",237,228,-69.113998,-29.080999,-27.76,-35.29,"Coleoptera",24,23,-35.7976,-43.6429
"2958","Ademosyne punctuada","species","Carnian","",237,228,-69.113998,-29.080999,-27.76,-35.29,"Coleoptera",24,23,-35.7976,-43.6429
"2959","Ischichucasyne cladocosta","species","Carnian","",237,228,-69.113998,-29.080999,-27.76,-35.29,"Coleoptera",24,23,-35.7976,-43.6429
"2960","Argentinosyne ischichucaensis","species","Carnian","",237,228,-69.113998,-29.080999,-27.76,-35.29,"Coleoptera",24,23,-35.7976,-43.6429
"2962","Babuskaya elaterata","species","Carnian","",237,228,-69.113998,-29.080999,-27.76,-35.29,"Coleoptera",24,23,-35.7976,-43.6429
"3043","Dinoharpalus coptoclavoides","species","Tuvalian","",232,221.5,10.671,50.011501,24.39,30.22,"Coleoptera",23,22,14.0259,25.204
"3045","Stargelytron larissae","species","Tuvalian","",232,221.5,10.665,49.970001,24.4,30.18,"Coleoptera",23,22,14.0422,25.165
"3202","Holcoptera solitensis","species","Norian","",228,208.5,-79.668999,36.540901,-12.82,9.85,"Coleoptera",23,21,-19.7049,4.0879
"3288","Phoroschizidae","family","Carnian","",237,228,80.349998,43.450001,82.99,47.04,"Coleoptera",24,23,65.468,49.9247
"3412","Coleoptera","order","Late Triassic","",237,201.3,119.565002,40.064999,131.8,42.6,"Coleoptera",24,20,105.312,45.6176
"3457","Coleoptera","order","Carnian","",237,228,131.149002,34.182999,134.61,17.81,"Coleoptera",24,23,116.7508,43.1157
"3485","Coptoclavia africana","species","Late Triassic","",237,201.3,20.514999,-8.435,12.24,-30.2,"Coleoptera",24,20,4.4946,-36.7007
"3599","Trialarva coburgensis","species","Tuvalian","",232,221.5,10.671,50.011501,24.39,30.22,"Coleoptera",23,22,14.0259,25.204
"3629","Triamyxa coprolithica","species","Tuvalian","",232,221.5,18.249166,50.669167,29.33,32.68,"Coleoptera",23,22,18.4639,28.045
"3668","Coleoptera","order","Tuvalian","",232,221.5,18.249166,50.669167,29.33,32.68,"Coleoptera",23,22,18.4639,28.045
"3728","Holcoptera rasnitsyni","species","Norian","",228,208.5,37.049999,49.18,40.37,39.41,"Coleoptera",23,21,31.1034,33.5539
"3753","Coleoptera","order","Norian","",228,208.5,-79.291603,35.5588,-12.48,8.87,"Coleoptera",23,21,-19.4187,3.1
"3754","Coleoptera","order","Carnian","",237,228,-77.626099,37.519001,-8.83,12.69,"Coleoptera",24,23,-18.0572,5.0463
"9011","Phanerogramma australis","species","Norian","",228,208.5,152.753998,-27.621,114.05,-60.76,"Dermaptera",23,21,118.1832,-58.3847
"9111","Phanerogramma dunstani","species","Norian","",228,208.5,152.753998,-27.621,114.05,-60.76,"Dermaptera",23,21,118.1832,-58.3847
"3362","Metarchilimonia krzeminskorum","species","Norian","",228,208.5,-79.668999,36.540901,-12.82,9.85,"Diptera",23,21,-19.7049,4.0879
"3442","Metarchilimonia solita","species","Norian","",228,208.5,-79.668999,36.540901,-12.82,9.85,"Diptera",23,21,-19.7049,4.0879
"3565","Triassopsychoda olseni","species","Norian","",228,208.5,-79.668999,36.540901,-12.82,9.85,"Diptera",23,21,-19.7049,4.0879
"3638","Yalea rectimedia","species","Norian","",228,208.5,-79.668999,36.540901,-12.82,9.85,"Diptera",23,21,-19.7049,4.0879
"3744","Virginiptera certa","species","Norian","",228,208.5,-79.668999,36.540901,-12.82,9.85,"Diptera",23,21,-19.7049,4.0879
"3851","Virginiptera similis","species","Norian","",228,208.5,-79.668999,36.540901,-12.82,9.85,"Diptera",23,21,-19.7049,4.0879
"3913","Crosaphis virginiensis","species","Norian","",228,208.5,-79.668999,36.540901,-12.82,9.85,"Diptera",23,21,-19.7049,4.0879
"4012","Prosechamyia trimedia","species","Norian","",228,208.5,-79.668999,36.540901,-12.82,9.85,"Diptera",23,21,-19.7049,4.0879
"4112","Prosechamyia dimedia","species","Norian","",228,208.5,-79.668999,36.540901,-12.82,9.85,"Diptera",23,21,-19.7049,4.0879
"11511","Vladiptera kovalevi","species","Norian","",228,208.5,85.199997,47.5,80.08,58.25,"Diptera",23,21,64.1849,55.1534
"12211","Nadiptera kaluginae","species","Carnian","",237,228,80.349998,43.450001,82.99,47.04,"Diptera",24,23,65.468,49.9247
"13811","Tillyardiptera prima","species","Norian","",228,208.5,152.800003,-27.533333,114.21,-60.71,"Diptera",23,21,118.3138,-58.3166
"13911","Austrocramptonomyia minuta","species","Norian","",228,208.5,152.800003,-27.533333,114.21,-60.71,"Diptera",23,21,118.3138,-58.3166
"14011","Veriplecia handlirschi","species","Norian","",228,208.5,152.800003,-27.533333,114.21,-60.71,"Diptera",23,21,118.3138,-58.3166
"3203","Architipula youngi","species","Norian","",228,208.5,-79.668999,36.540901,-12.82,9.85,"Diptera",23,21,-19.7049,4.0879
"32111","Yalea argentata","species","Norian","",228,208.5,-79.668999,36.540901,-12.82,9.85,"Diptera",23,21,-19.7049,4.0879
"32211","Alinka cara","species","Norian","",228,208.5,-79.668999,36.540901,-12.82,9.85,"Diptera",23,21,-19.7049,4.0879
"5882","Crosaphis anomala","species","Norian","",228,208.5,152.781998,-27.552,114.17,-60.72,"Diptera",23,21,118.273,-58.3286
"7651","Virginiptera lativentra","species","Norian","",228,208.5,-79.668999,36.540901,-12.82,9.85,"Diptera",23,21,-19.7049,4.0879
"766","Brachyrhyphus distortus","species","Norian","",228,208.5,-79.668999,36.540901,-12.82,9.85,"Diptera",23,21,-19.7049,4.0879
"9971","Nematocera","suborder","Carnian","",237,228,12.05,46.529999,33.7,17.04,"Diptera",24,23,18.7572,16.4381
"16351","Trihennigma zavattierii","species","Carnian","",237,228,-69.119003,-33.077999,-27.59,-39.29,"Diptera",24,23,-35.4933,-47.6342
"23651","Tipulomorpha","infraorder","Norian","",228,208.5,-79.668999,36.540901,-12.82,9.85,"Diptera",23,21,-19.7049,4.0879
"23661","Veriplecia rugosa","species","Norian","",228,208.5,-79.668999,36.540901,-12.82,9.85,"Diptera",23,21,-19.7049,4.0879
"23671","Diptera","order","Norian","",228,208.5,-79.668999,36.540901,-12.82,9.85,"Diptera",23,21,-19.7049,4.0879
"14113","Mesobaetis ornata","species","Norian","",228,208.5,37.049999,49.18,40.37,39.41,"Ephemeroptera",23,21,31.1034,33.5539
"11005","Triassoprobnis humilis","species","Norian","",228,208.5,37.049999,49.18,40.37,39.41,"Grylloblattodea",23,21,31.1034,33.5539
"2726","Grylloblattodea","order","Carnian","",237,228,27.5,-29.5,-0.14,-51.62,"Grylloblattodea",24,23,-1.7146,-58.3826
"29102","Euchauliodes distinctus","species","Carnian","",237,228,26.833332,-31.466667,-2.97,-52.71,"Grylloblattodea",24,23,-4.7415,-59.7152
"31101","Triasseuryptilon acostai","species","Carnian","",237,228,-69.133003,-33.075001,-27.6,-39.29,"Grylloblattodea",24,23,-35.5109,-47.6319
"10105","Tipuloidea rhaetica","species","Carnian","",237,228,-69.1101,-33.0812,-27.58,-39.29,"Hemiptera",24,23,-35.4819,-47.637
"5616","Archescytinidae","family","Norian","",228,208.5,-79.668999,36.540901,-12.82,9.85,"Hemiptera",23,21,-19.7049,4.0879
"5716","Naucoridae","family","Norian","",228,208.5,-79.668999,36.540901,-12.82,9.85,"Hemiptera",23,21,-19.7049,4.0879
"31012","Dunstania pulchra","species","Norian","",228,208.5,152.753998,-27.621,114.05,-60.76,"Hemiptera",23,21,118.1832,-58.3847
"31112","Mesogereon neuropunctatum","species","Norian","",228,208.5,152.753998,-27.621,114.05,-60.76,"Hemiptera",23,21,118.1832,-58.3847
"31210","Mesojassus ipsviciensis","species","Norian","",228,208.5,152.753998,-27.621,114.05,-60.76,"Hemiptera",23,21,118.1832,-58.3847
"31311","Mesocixiodes termioneura","species","Norian","",228,208.5,152.753998,-27.621,114.05,-60.76,"Hemiptera",23,21,118.1832,-58.3847
"31411","Paradunstania affinis","species","Norian","",228,208.5,152.753998,-27.621,114.05,-60.76,"Hemiptera",23,21,118.1832,-58.3847
"31511","Dunstaniopsis triassica","species","Norian","",228,208.5,152.753998,-27.621,114.05,-60.76,"Hemiptera",23,21,118.1832,-58.3847
"31611","Chiliocycla scolopoides","species","Norian","",228,208.5,152.753998,-27.621,114.05,-60.76,"Hemiptera",23,21,118.1832,-58.3847
"31711","Mesoscytina australis","species","Norian","",228,208.5,152.753998,-27.621,114.05,-60.76,"Hemiptera",23,21,118.1832,-58.3847
"31910","Mesodiphthera grandis","species","Norian","",228,208.5,152.753998,-27.621,114.05,-60.76,"Hemiptera",23,21,118.1832,-58.3847
"32112","Mesocixius triassicus","species","Norian","",228,208.5,152.753998,-27.621,114.05,-60.76,"Hemiptera",23,21,118.1832,-58.3847
"32212","Ipsvicia jonesi","species","Norian","",228,208.5,152.753998,-27.621,114.05,-60.76,"Hemiptera",23,21,118.1832,-58.3847
"32512","Eurymelidium australe","species","Norian","",228,208.5,152.753998,-27.621,114.05,-60.76,"Hemiptera",23,21,118.1832,-58.3847
"32711","Homoptera","suborder","Norian","",228,208.5,152.753998,-27.621,114.05,-60.76,"Hemiptera",23,21,118.1832,-58.3847
"32811","Triassocixius australicus","species","Norian","",228,208.5,152.753998,-27.621,114.05,-60.76,"Hemiptera",23,21,118.1832,-58.3847
"32912","Mesogereon superbum","species","Norian","",228,208.5,152.753998,-27.621,114.05,-60.76,"Hemiptera",23,21,118.1832,-58.3847
"33012","Mesogereon compressum","species","Norian","",228,208.5,152.753998,-27.621,114.05,-60.76,"Hemiptera",23,21,118.1832,-58.3847
"33111","Mesogereon affine","species","Norian","",228,208.5,152.753998,-27.621,114.05,-60.76,"Hemiptera",23,21,118.1832,-58.3847
"33212","Mesogereon shepherdi","species","Norian","",228,208.5,152.753998,-27.621,114.05,-60.76,"Hemiptera",23,21,118.1832,-58.3847
"33811","Apheloscyta mesocampta","species","Norian","",228,208.5,152.753998,-27.621,114.05,-60.76,"Hemiptera",23,21,118.1832,-58.3847
"33911","Tardilly prosboloides","species","Norian","",228,208.5,152.753998,-27.621,114.05,-60.76,"Hemiptera",23,21,118.1832,-58.3847
"34010","Tardilly dunstani","species","Norian","",228,208.5,152.753998,-27.621,114.05,-60.76,"Hemiptera",23,21,118.1832,-58.3847
"34211","Mesonirvana orthoclada","species","Norian","",228,208.5,152.753998,-27.621,114.05,-60.76,"Hemiptera",23,21,118.1832,-58.3847
"34410","Ipsviciopsis elegans","species","Norian","",228,208.5,152.753998,-27.621,114.05,-60.76,"Hemiptera",23,21,118.1832,-58.3847
"34612","Dunstaniidae","family","Norian","",228,208.5,152.753998,-27.621,114.05,-60.76,"Hemiptera",23,21,118.1832,-58.3847
"34711","Triassocoris myersi","species","Norian","",228,208.5,152.753998,-27.621,114.05,-60.76,"Hemiptera",23,21,118.1832,-58.3847
"34811","Triassocoris scutulum","species","Norian","",228,208.5,152.753998,-27.621,114.05,-60.76,"Hemiptera",23,21,118.1832,-58.3847
"34912","Triassocoris","genus","Norian","",228,208.5,152.753998,-27.621,114.05,-60.76,"Hemiptera",23,21,118.1832,-58.3847
"35010","Triassocoris ovalis","species","Norian","",228,208.5,152.753998,-27.621,114.05,-60.76,"Hemiptera",23,21,118.1832,-58.3847
"35111","Triassocoris grandis","species","Norian","",228,208.5,152.753998,-27.621,114.05,-60.76,"Hemiptera",23,21,118.1832,-58.3847
"4083","Prosbolomorpha clara","species","Carnian","",237,228,26.833332,-31.466667,-2.97,-52.71,"Hemiptera",24,23,-4.7415,-59.7152
"4091","Tennentsia protuberans","species","Carnian","",237,228,26.833332,-31.466667,-2.97,-52.71,"Hemiptera",24,23,-4.7415,-59.7152
"4107","Protopsyllidiidae","family","Carnian","",237,228,26.833332,-31.466667,-2.97,-52.71,"Hemiptera",24,23,-4.7415,-59.7152
"4132","Scytinoptera distorta","species","Carnian","",237,228,26.833332,-31.466667,-2.97,-52.71,"Hemiptera",24,23,-4.7415,-59.7152
"4142","Leptoprosbole lepida","species","Carnian","",237,228,26.833332,-31.466667,-2.97,-52.71,"Hemiptera",24,23,-4.7415,-59.7152
"4152","Dunstania petrophila","species","Carnian","",237,228,26.833332,-31.466667,-2.97,-52.71,"Hemiptera",24,23,-4.7415,-59.7152
"4162","Karoontina magna","species","Carnian","",237,228,26.833332,-31.466667,-2.97,-52.71,"Hemiptera",24,23,-4.7415,-59.7152
"4172","Triassogereon distinctum","species","Carnian","",237,228,26.833332,-31.466667,-2.97,-52.71,"Hemiptera",24,23,-4.7415,-59.7152
"5543","Popovigocimex yurii","species","Carnian","",237,228,-67.76667,-29.883333,-26.28,-36.05,"Hemiptera",24,23,-34.106,-44.3772
"5553","Yurigocimex popovi","species","Carnian","",237,228,-67.76667,-29.883333,-26.28,-36.05,"Hemiptera",24,23,-34.106,-44.3772
"5563","Lariojaprosbole melchori","species","Carnian","",237,228,-69.113998,-29.080999,-27.76,-35.29,"Hemiptera",24,23,-35.7976,-43.6429
"5572","Mesoscytina forsterae","species","Carnian","",237,228,-67.76667,-29.883333,-26.28,-36.05,"Hemiptera",24,23,-34.106,-44.3772
"5582","Apheloscyta mayae","species","Carnian","",237,228,-67.76667,-29.883333,-26.28,-36.05,"Hemiptera",24,23,-34.106,-44.3772
"5592","Fulgobole arcucciae","species","Carnian","",237,228,-67.76667,-29.883333,-26.28,-36.05,"Hemiptera",24,23,-34.106,-44.3772
"5603","Dysmorphoptiloides gigantea","species","Carnian","",237,228,-67.76667,-29.883333,-26.28,-36.05,"Hemiptera",24,23,-34.106,-44.3772
"5617","Dysmorphoptiloides pulcherrima","species","Carnian","",237,228,-67.76667,-29.883333,-26.28,-36.05,"Hemiptera",24,23,-34.106,-44.3772
"5623","Dysmorphoptiloides acostai","species","Carnian","",237,228,-69.114998,-33.080002,-27.58,-39.29,"Hemiptera",24,23,-35.4881,-47.636
"5632","Dysmorphoptiloides breviptera","species","Carnian","",237,228,-67.76667,-29.883333,-26.28,-36.05,"Hemiptera",24,23,-34.106,-44.3772
"5642","Bandelnielsenia chilena","species","Carnian","",237,228,-72.957001,-37.171001,-31.6,-43.48,"Hemiptera",24,23,-40.0616,-51.8657
"5651","Argentinocicada magna","species","Carnian","",237,228,-69.114998,-33.080002,-27.58,-39.29,"Hemiptera",24,23,-35.4881,-47.636
"5661","Argentinocicada minima","species","Carnian","",237,228,-69.114998,-33.080002,-27.58,-39.29,"Hemiptera",24,23,-35.4881,-47.636
"5672","Potrerillia nervosa","species","Carnian","",237,228,-69.114998,-33.080002,-27.58,-39.29,"Hemiptera",24,23,-35.4881,-47.636
"5943","Cacheutacicada kurtzae","species","Carnian","",237,228,-69.114998,-33.080002,-27.58,-39.29,"Hemiptera",24,23,-35.4881,-47.636
"5953","Dysmorphoptiloides kotejai","species","Carnian","",237,228,-69.113998,-29.080999,-27.76,-35.29,"Hemiptera",24,23,-35.7976,-43.6429
"5962","Saaloscytina carmonae","species","Carnian","",237,228,-67.816666,-29.833332,-26.33,-36.01,"Hemiptera",24,23,-34.1708,-44.33
"6343","Woottonia phalerata","species","Norian","",228,208.5,85.199997,47.5,80.08,58.25,"Hemiptera",23,21,64.1849,55.1534
"8352","Triassothea analis","species","Norian","",228,208.5,152.781998,-27.552,114.17,-60.72,"Hemiptera",23,21,118.273,-58.3286
"12492","Scytinopteridae","family","Anisian","Norian",247.2,208.5,147.294006,-42.860001,78.54,-72.93,"Hemiptera",25,21,91.5912,-69.4716
"14781","Eoscarterella media","species","Norian","",228,208.5,152.781998,-27.552,114.17,-60.72,"Hemiptera",23,21,118.273,-58.3286
"15061","Mesothymbris perkinsi","species","Norian","",228,208.5,152.781998,-27.552,114.17,-60.72,"Hemiptera",23,21,118.273,-58.3286
"15113","Mesonirvana abrupta","species","Norian","",228,208.5,152.781998,-27.552,114.17,-60.72,"Hemiptera",23,21,118.273,-58.3286
"15122","Triassoscelis anomala","species","Norian","",228,208.5,152.781998,-27.552,114.17,-60.72,"Hemiptera",23,21,118.273,-58.3286
"15132","Crosbella elongata","species","Norian","",228,208.5,152.781998,-27.552,114.17,-60.72,"Hemiptera",23,21,118.273,-58.3286
"15162","Mesojassus australis","species","Norian","",228,208.5,152.781998,-27.552,114.17,-60.72,"Hemiptera",23,21,118.273,-58.3286
"15172","Hylicella colorata","species","Norian","",228,208.5,152.781998,-27.552,114.17,-60.72,"Hemiptera",23,21,118.273,-58.3286
"15192","Mesojassula marginata","species","Norian","",228,208.5,152.781998,-27.552,114.17,-60.72,"Hemiptera",23,21,118.273,-58.3286
"15202","Trifidella perfecta","species","Norian","",228,208.5,152.781998,-27.552,114.17,-60.72,"Hemiptera",23,21,118.273,-58.3286
"15222","Dysmorphoptiloides elongata","species","Norian","",228,208.5,152.781998,-27.552,114.17,-60.72,"Hemiptera",23,21,118.273,-58.3286
"15232","Mesocixius parvus","species","Norian","",228,208.5,152.781998,-27.552,114.17,-60.72,"Hemiptera",23,21,118.273,-58.3286
"15262","Fletcheriana triassica","species","Norian","",228,208.5,152.781998,-27.552,114.17,-60.72,"Hemiptera",23,21,118.273,-58.3286
"15272","Triassoaphis cubitus","species","Norian","",228,208.5,152.781998,-27.552,114.17,-60.72,"Hemiptera",23,21,118.273,-58.3286
"15282","Platyscytinella paradoxa","species","Norian","",228,208.5,152.781998,-27.552,114.17,-60.72,"Hemiptera",23,21,118.273,-58.3286
"15292","Hexascytina tillyardi","species","Norian","",228,208.5,152.781998,-27.552,114.17,-60.72,"Hemiptera",23,21,118.273,-58.3286
"15302","Triscytina rotundata","species","Norian","",228,208.5,152.781998,-27.552,114.17,-60.72,"Hemiptera",23,21,118.273,-58.3286
"15481","Knezouria unicus","species","Norian","",228,208.5,152.830002,-27.6,114.18,-60.78,"Hemiptera",23,21,118.3176,-58.3883
"16671","Dytoscytina ejuncida","species","Late Triassic","",237,201.3,116.425003,25.83,126.02,24.99,"Hemiptera",24,20,103.9409,25.9619
"16692","Sinisbole juvenis","species","Norian","",228,208.5,113.800003,27.995001,123.59,28.57,"Hemiptera",23,21,100.7363,27.3634
"16714","Lacunisbole ligonis","species","Carnian","",237,228,113.620003,24.700001,118.3,1.2,"Hemiptera",24,23,101.6089,24.1594
"16721","Apheloscyta xiangdongensis","species","Norian","",228,208.5,113.800003,27.995001,123.59,28.57,"Hemiptera",23,21,100.7363,27.3634
"16821","Ipsvicioides minimus","species","Carnian","",237,228,131.169998,34.185001,134.63,17.8,"Hemiptera",24,23,116.7747,43.1149
"16831","Szeiinia huanglongensis","species","Late Triassic","",237,201.3,109.800003,35.599998,120.32,40.29,"Hemiptera",24,20,93.4077,42.994
"17162","Disivicia tianshanensis","species","Carnian","",237,228,88.18,43.125,90.36,50.01,"Hemiptera",24,23,72.2225,53.8274
"17172","Suljuktaja turkestanensis","species","Carnian","",237,228,88.18,43.125,90.36,50.01,"Hemiptera",24,23,72.2225,53.8274
"17182","Kerjieprosbole stigmatis","species","Carnian","",237,228,88.18,43.125,90.36,50.01,"Hemiptera",24,23,72.2225,53.8274
"17192","Kerjiecoris oopsis","species","Carnian","",237,228,88.18,43.125,90.36,50.01,"Hemiptera",24,23,72.2225,53.8274
"17202","Lacocorixa divena","species","Carnian","",237,228,88.18,43.125,90.36,50.01,"Hemiptera",24,23,72.2225,53.8274
"17213","Cutitegmena oonis","species","Carnian","",237,228,88.18,43.125,90.36,50.01,"Hemiptera",24,23,72.2225,53.8274
"17221","Crypsacorixa tachis","species","Carnian","",237,228,88.18,43.125,90.36,50.01,"Hemiptera",24,23,72.2225,53.8274
"17232","Homoptera","suborder","Carnian","",237,228,88.18,43.125,90.36,50.01,"Hemiptera",24,23,72.2225,53.8274
"17401","Mesojassus ipsviciensis","species","Norian","",228,208.5,152.781998,-27.552,114.17,-60.72,"Hemiptera",23,21,118.273,-58.3286
"17422","Heteronella marksei","species","Norian","",228,208.5,152.781998,-27.552,114.17,-60.72,"Hemiptera",23,21,118.273,-58.3286
"17432","Heterojassus membranaceus","species","Norian","",228,208.5,152.781998,-27.552,114.17,-60.72,"Hemiptera",23,21,118.273,-58.3286
"17441","Heteroptera","suborder","Norian","",228,208.5,152.781998,-27.552,114.17,-60.72,"Hemiptera",23,21,118.273,-58.3286
"17451","Tricrosbia minuta","species","Norian","",228,208.5,152.781998,-27.552,114.17,-60.72,"Hemiptera",23,21,118.273,-58.3286
"17482","Cercopoidea","superfamily","Norian","",228,208.5,152.781998,-27.552,114.17,-60.72,"Hemiptera",23,21,118.273,-58.3286
"17501","Homoptera","suborder","Norian","",228,208.5,152.781998,-27.552,114.17,-60.72,"Hemiptera",23,21,118.273,-58.3286
"17513","Hemiptera","order","Norian","",228,208.5,152.781998,-27.552,114.17,-60.72,"Hemiptera",23,21,118.273,-58.3286
"17522","Heterochterus timmsii","species","Norian","",228,208.5,152.781998,-27.552,114.17,-60.72,"Hemiptera",23,21,118.273,-58.3286
"18091","Hexascytina tillyardi","species","Norian","",228,208.5,152.800003,-27.533333,114.21,-60.71,"Hemiptera",23,21,118.3138,-58.3166
"18108","Microscytinella radians","species","Norian","",228,208.5,152.800003,-27.533333,114.21,-60.71,"Hemiptera",23,21,118.3138,-58.3166
"18115","Platyscytinella paradoxa","species","Norian","",228,208.5,152.800003,-27.533333,114.21,-60.71,"Hemiptera",23,21,118.3138,-58.3166
"18814","Pseudipsvicia ala","species","Norian","",228,208.5,152.753998,-27.621,114.05,-60.76,"Hemiptera",23,21,118.1832,-58.3847
"19392","Lufengnacta corrugis","species","Norian","",228,208.5,101.900002,25.15,111.87,25.1,"Hemiptera",23,21,90.3889,21.6403
"19621","Dysmorphoptiloides acostai","species","Carnian","",237,228,-67.76667,-29.883333,-26.28,-36.05,"Hemiptera",24,23,-34.106,-44.3772
"19942","Mesocixius parvus","species","Norian","",228,208.5,152.768997,-27.549999,114.15,-60.71,"Hemiptera",23,21,118.2538,-58.3227
"19952","Carsburgia knezouri","species","Norian","",228,208.5,152.826996,-27.606001,114.17,-60.79,"Hemiptera",23,21,118.3089,-58.393
"19962","Carsburgia knezouri","species","Norian","",228,208.5,152.830002,-27.6,114.18,-60.78,"Hemiptera",23,21,118.3176,-58.3883
"20002","Dysmorphoptiloides elongata","species","Norian","",228,208.5,152.800003,-27.546,114.2,-60.72,"Hemiptera",23,21,118.3055,-58.3285
"20042","Tennentsia princeps","species","Norian","",228,208.5,152.781998,-27.552,114.17,-60.72,"Hemiptera",23,21,118.273,-58.3286
"20062","Heterochterus timmsii","species","Norian","",228,208.5,152.783997,-27.544001,114.18,-60.71,"Hemiptera",23,21,118.2815,-58.3217
"20072","Tennentsia princeps","species","Norian","",228,208.5,152.800003,-27.546,114.2,-60.72,"Hemiptera",23,21,118.3055,-58.3285
"20392","Duraznoscarta ramosa","species","Carnian","",237,228,-69.119003,-33.077999,-27.59,-39.29,"Hemiptera",24,23,-35.4933,-47.6342
"20402","Argentinoscytina clara","species","Carnian","",237,228,-69.1101,-33.0812,-27.58,-39.29,"Hemiptera",24,23,-35.4819,-47.637
"20415","Protopsyllidiidae","family","Carnian","",237,228,-69.1101,-33.0812,-27.58,-39.29,"Hemiptera",24,23,-35.4819,-47.637
"20492","Mesoscytina fistulae","species","Norian","",228,208.5,152.781998,-27.552,114.17,-60.72,"Hemiptera",23,21,118.273,-58.3286
"20522","Mesoscytina magna","species","Norian","",228,208.5,152.830002,-27.6,114.18,-60.78,"Hemiptera",23,21,118.3176,-58.3883
"20532","Eurymelidium australe","species","Norian","",228,208.5,152.830002,-27.6,114.18,-60.78,"Hemiptera",23,21,118.3176,-58.3883
"20542","Eurymelidium australe","species","Norian","",228,208.5,152.826996,-27.606001,114.17,-60.79,"Hemiptera",23,21,118.3089,-58.393
"20552","Apheloscyta mesocampta","species","Norian","",228,208.5,152.830002,-27.584,114.2,-60.77,"Hemiptera",23,21,118.3281,-58.3733
"20582","Mesonirvana dmitryi","species","Norian","",228,208.5,152.830002,-27.6,114.18,-60.78,"Hemiptera",23,21,118.3176,-58.3883
"20592","Mesonirvana dmitryi","species","Norian","",228,208.5,152.826996,-27.606001,114.17,-60.79,"Hemiptera",23,21,118.3089,-58.393
"20872","Hallakkungis amisanus","species","Norian","",228,208.5,126.625954,36.338951,138.14,38.97,"Hemiptera",23,21,111.4528,40.6577
"21214","Triassonepa solensis","species","Norian","",228,208.5,-79.668999,36.540901,-12.82,9.85,"Hemiptera",23,21,-19.7049,4.0879
"21462","Corixidae","family","Carnian","",237,228,84.932503,45.673332,85.08,50.75,"Hemiptera",24,23,66.3822,53.8334
"21821","Mesodiphthera grandis","species","Norian","",228,208.5,152.826996,-27.606001,114.17,-60.79,"Hemiptera",23,21,118.3089,-58.393
"21991","Hemiptera","order","Late Triassic","",237,201.3,119.565002,40.064999,131.8,42.6,"Hemiptera",24,20,105.312,45.6176
"22752","Crosbixius carsburgi","species","Norian","",228,208.5,152.781998,-27.552,114.17,-60.72,"Hemiptera",23,21,118.273,-58.3286
"22982","Saaloscytina carmonae","species","Carnian","",237,228,-67.76667,-29.883333,-26.28,-36.05,"Hemiptera",24,23,-34.106,-44.3772
"22992","Dysmorphoptiloides losrastrosensis","species","Carnian","",237,228,-67.76667,-29.883333,-26.28,-36.05,"Hemiptera",24,23,-34.106,-44.3772
"23002","Gualoscarta obscura","species","Carnian","",237,228,-67.76667,-29.883333,-26.28,-36.05,"Hemiptera",24,23,-34.106,-44.3772
"23032","Corixidae","family","Carnian","",237,228,-67.76667,-29.883333,-26.28,-36.05,"Hemiptera",24,23,-34.106,-44.3772
"23442","Mesojassus ipsviciensis","species","Norian","",228,208.5,152.826996,-27.606001,114.17,-60.79,"Hemiptera",23,21,118.3089,-58.393
"23452","Mesojassus australis","species","Norian","",228,208.5,152.826996,-27.606001,114.17,-60.79,"Hemiptera",23,21,118.3089,-58.393
"23522","Ipsvicia jonesi","species","Norian","",228,208.5,152.826996,-27.606001,114.17,-60.79,"Hemiptera",23,21,118.3089,-58.393
"23532","Ipsviciopsis elegans","species","Norian","",228,208.5,152.826996,-27.606001,114.17,-60.79,"Hemiptera",23,21,118.3089,-58.393
"23592","Mesocixiodes termioneura","species","Norian","",228,208.5,152.830002,-27.6,114.18,-60.78,"Hemiptera",23,21,118.3176,-58.3883
"24231","Hylicelloidea","superfamily","Carnian","",237,228,-69.119003,-33.077999,-27.59,-39.29,"Hemiptera",24,23,-35.4933,-47.6342
"24322","Tennentsia koreana","species","Norian","",228,208.5,126.625954,36.338951,138.14,38.97,"Hemiptera",23,21,111.4528,40.6577
"24572","Duraznoscytinum aristovi","species","Carnian","",237,228,-69.119003,-33.077999,-27.59,-39.29,"Hemiptera",24,23,-35.4933,-47.6342
"24582","Tipuloidea cuyana","species","Carnian","",237,228,-69.119003,-33.077999,-27.59,-39.29,"Hemiptera",24,23,-35.4933,-47.6342
"24592","Cuyanoscytinum arcucciae","species","Carnian","",237,228,-69.119003,-33.077999,-27.59,-39.29,"Hemiptera",24,23,-35.4933,-47.6342
"3400","Homoptera","suborder","Norian","",228,208.5,152.753998,-27.621,114.05,-60.76,"Homoptera",23,21,118.1832,-58.3847
"10106","Knezouria unicus","species","Norian","",228,208.5,152.830002,-27.6,114.18,-60.78,"Homoptera",23,21,118.3176,-58.3883
"12115","Homoptera","suborder","Carnian","",237,228,88.18,43.125,90.36,50.01,"Homoptera",24,23,72.2225,53.8274
"13108","Homoptera","suborder","Norian","",228,208.5,152.781998,-27.552,114.17,-60.72,"Homoptera",23,21,118.273,-58.3286
"20109","Archexyela crosbyi","species","Norian","",228,208.5,152.781998,-27.552,114.17,-60.72,"Hymenoptera",23,21,118.273,-58.3286
"26313","Moltenia rieki","species","Carnian","",237,228,26.833332,-31.466667,-2.97,-52.71,"Hymenoptera",24,23,-4.7415,-59.7152
"10921","Potrerilloxyela menendezi","species","Carnian","",237,228,-69.1101,-33.0812,-27.58,-39.29,"Hymenoptera",24,23,-35.4819,-47.637
"12183","Archexyela ipswichensis","species","Norian","",228,208.5,152.781998,-27.552,114.17,-60.72,"Hymenoptera",23,21,118.273,-58.3286
"16973","Madygella humioi","species","Carnian","",237,228,131.149002,34.182999,134.61,17.81,"Hymenoptera",24,23,116.7508,43.1157
"16983","Xyeloidea","superfamily","Carnian","",237,228,131.149002,34.182999,134.61,17.81,"Hymenoptera",24,23,116.7508,43.1157
"4120","Tipulidites affinis","species","Carnian","",237,228,-69.1101,-33.0812,-27.58,-39.29,"Mecoptera",24,23,-35.4819,-47.637
"5127","Mecoptera","order","Carnian","",237,228,26.833332,-31.466667,-2.97,-52.71,"Mecoptera",24,23,-4.7415,-59.7152
"7124","Neopermopanorpa mesembria","species","Norian","",228,208.5,152.781998,-27.552,114.17,-60.72,"Mecoptera",23,21,118.273,-58.3286
"8117","Xenopanorpa didymovena","species","Norian","",228,208.5,152.781998,-27.552,114.17,-60.72,"Mecoptera",23,21,118.273,-58.3286
"9119","Mesochorista proavita","species","Norian","",228,208.5,152.781998,-27.552,114.17,-60.72,"Mecoptera",23,21,118.273,-58.3286
"10117","Neoparachorista perkinsi","species","Norian","",228,208.5,152.781998,-27.552,114.17,-60.72,"Mecoptera",23,21,118.273,-58.3286
"11117","Neoparachorista splendida","species","Norian","",228,208.5,152.781998,-27.552,114.17,-60.72,"Mecoptera",23,21,118.273,-58.3286
"12120","Neoparachorista semiovena","species","Norian","",228,208.5,152.781998,-27.552,114.17,-60.72,"Mecoptera",23,21,118.273,-58.3286
"13117","Triassochorista nana","species","Norian","",228,208.5,152.781998,-27.552,114.17,-60.72,"Mecoptera",23,21,118.273,-58.3286
"14118","Archebittacus exilis","species","Norian","",228,208.5,152.781998,-27.552,114.17,-60.72,"Mecoptera",23,21,118.273,-58.3286
"15117","Xenochoristella hillae","species","Norian","",228,208.5,152.781998,-27.552,114.17,-60.72,"Mecoptera",23,21,118.273,-58.3286
"16117","Austrochoristella whitehousei","species","Norian","",228,208.5,152.781998,-27.552,114.17,-60.72,"Mecoptera",23,21,118.273,-58.3286
"17119","Mesotanyderus jonesi","species","Norian","",228,208.5,152.781998,-27.552,114.17,-60.72,"Mecoptera",23,21,118.273,-58.3286
"4620","Mendozachorista volkheimeri","species","Norian","",228,208.5,-69.589996,-35.630001,-23.06,-45.59,"Mecoptera",23,21,-35.8662,-50.204
"5128","Mesopsyche triareolata","species","Norian","",228,208.5,152.753998,-27.621,114.05,-60.76,"Mecoptera",23,21,118.1832,-58.3847
"5425","Mesochorista proavita","species","Norian","",228,208.5,152.753998,-27.621,114.05,-60.76,"Mecoptera",23,21,118.1832,-58.3847
"5524","Mecoptera","order","Norian","",228,208.5,152.753998,-27.621,114.05,-60.76,"Mecoptera",23,21,118.1832,-58.3847
"5820","Izjumus ukrainensis","species","Norian","",228,208.5,37.049999,49.18,40.37,39.41,"Mecoptera",23,21,31.1034,33.5539
"5919","Garazhovka triassica","species","Norian","",228,208.5,37.049999,49.18,40.37,39.41,"Mecoptera",23,21,31.1034,33.5539
"9018","Afristella delicatula","species","Carnian","",237,228,28,-31.533333,-1.82,-53.43,"Mecoptera",24,23,-3.1637,-60.3255
"9120","Mesoses magna","species","Carnian","",237,228,26.833332,-31.466667,-2.97,-52.71,"Mecoptera",24,23,-4.7415,-59.7152
"9218","Mesoses optata","species","Carnian","",237,228,26.833332,-31.466667,-2.97,-52.71,"Mecoptera",24,23,-4.7415,-59.7152
"17816","Worcestobia haradai","species","Carnian","",237,228,131.149002,34.182999,134.61,17.81,"Mecoptera",24,23,116.7508,43.1157
"18916","Mesopsyche dobrokhotovae","species","Norian","",228,208.5,37.049999,49.18,40.37,39.41,"Mecoptera",23,21,31.1034,33.5539
"19318","Liassochorista kenderlykensis","species","Norian","",228,208.5,85.199997,47.5,80.08,58.25,"Mecoptera",23,21,64.1849,55.1534
"21717","Pseudopolycentropodes virginicus","species","Norian","",228,208.5,-79.668999,36.540901,-12.82,9.85,"Mecoptera",23,21,-19.7049,4.0879
"38314","Mesopsyche triareolata","species","Norian","",228,208.5,152.757004,-27.621,114.05,-60.76,"Mecoptera",23,21,118.188,-58.3857
"38414","Orthophlebiidae","family","Norian","",228,208.5,152.753998,-27.621,114.05,-60.76,"Mecoptera",23,21,118.1832,-58.3847
"48111","Protorthophlebia macula","species","Carnian","",237,228,88.18,43.125,90.36,50.01,"Mecoptera",24,23,72.2225,53.8274
"4824","Kalochorista isofurca","species","Carnian","",237,228,88.18,43.125,90.36,50.01,"Mecoptera",24,23,72.2225,53.8274
"4982","Mesochorista proavita","species","Norian","",228,208.5,152.779007,-27.551001,114.16,-60.72,"Mecoptera",23,21,118.269,-58.3267
"5165","Argentinopanorpa miguezi","species","Carnian","",237,228,-69.119003,-33.077999,-27.59,-39.29,"Mecoptera",24,23,-35.4933,-47.6342
"5255","Mesopsyche triareolata","species","Norian","",228,208.5,152.826996,-27.606001,114.17,-60.79,"Mecoptera",23,21,118.3089,-58.393
"5263","Mesopsyche triareolata","species","Norian","",228,208.5,152.830002,-27.6,114.18,-60.78,"Mecoptera",23,21,118.3176,-58.3883
"5475","Mesopsyche dobrokhotovae","species","Norian","",228,208.5,126.625954,36.338951,138.14,38.97,"Mecoptera",23,21,111.4528,40.6577
"55111","Archebittacus exilis","species","Norian","",228,208.5,152.768997,-27.549999,114.15,-60.71,"Mecoptera",23,21,118.2538,-58.3227
"6154","Mesopsyche liaoi","species","Carnian","",237,228,88.18,43.125,90.36,50.01,"Mecoptera",24,23,72.2225,53.8274
"6295","Duraznochorista zavattierii","species","Carnian","",237,228,-69.119003,-33.077999,-27.59,-39.29,"Mecoptera",24,23,-35.4933,-47.6342
"6304","Potrerillopanorpa macloughlini","species","Carnian","",237,228,-69.119003,-33.077999,-27.59,-39.29,"Mecoptera",24,23,-35.4933,-47.6342
"20118","Izyumochauliodes aristovi","species","Norian","",228,208.5,37.049999,49.18,40.37,39.41,"Megaloptera",23,21,31.1034,33.5539
"21118","Sialidae","family","Norian","",228,208.5,37.049999,49.18,40.37,39.41,"Megaloptera",23,21,31.1034,33.5539
"22120","Megaloptera","order","Norian","",228,208.5,37.049999,49.18,40.37,39.41,"Megaloptera",23,21,31.1034,33.5539
"4924","Mesoberotha superba","species","Norian","",228,208.5,152.781998,-27.552,114.17,-60.72,"Neuroptera",23,21,118.273,-58.3286
"5027","Proberothella elongata","species","Norian","",228,208.5,152.781998,-27.552,114.17,-60.72,"Neuroptera",23,21,118.273,-58.3286
"5130","Archeosmylus stigmatus","species","Norian","",228,208.5,152.781998,-27.552,114.17,-60.72,"Neuroptera",23,21,118.273,-58.3286
"5225","Archeosmylus costalis","species","Norian","",228,208.5,152.781998,-27.552,114.17,-60.72,"Neuroptera",23,21,118.273,-58.3286
"5320","Lithosmylidia lineata","species","Norian","",228,208.5,152.781998,-27.552,114.17,-60.72,"Neuroptera",23,21,118.273,-58.3286
"5427","Lithosmylidia parvula","species","Norian","",228,208.5,152.781998,-27.552,114.17,-60.72,"Neuroptera",23,21,118.273,-58.3286
"5526","Osmylopsychops spillerae","species","Norian","",228,208.5,152.781998,-27.552,114.17,-60.72,"Neuroptera",23,21,118.273,-58.3286
"5620","Archepsychops triassicus","species","Norian","",228,208.5,152.781998,-27.552,114.17,-60.72,"Neuroptera",23,21,118.273,-58.3286
"10418","Protopsychopsis venosa","species","Norian","",228,208.5,152.753998,-27.621,114.05,-60.76,"Neuroptera",23,21,118.1832,-58.3847
"10520","Archepsychops triassicus","species","Norian","",228,208.5,152.753998,-27.621,114.05,-60.76,"Neuroptera",23,21,118.1832,-58.3847
"10618","Triassopsychops superbus","species","Norian","",228,208.5,152.753998,-27.621,114.05,-60.76,"Neuroptera",23,21,118.1832,-58.3847
"10719","Osmylopsychops spillerae","species","Norian","",228,208.5,152.753998,-27.621,114.05,-60.76,"Neuroptera",23,21,118.1832,-58.3847
"4645","Petropsychops superbus","species","Norian","",228,208.5,152.757004,-27.621,114.05,-60.76,"Neuroptera",23,21,118.188,-58.3857
"4655","Archeosmylus","genus","Norian","",228,208.5,152.753998,-27.621,114.05,-60.76,"Neuroptera",23,21,118.1832,-58.3847
"4744","Lithosmylidia","genus","Norian","",228,208.5,152.781998,-27.552,114.17,-60.72,"Neuroptera",23,21,118.273,-58.3286
"4755","Neuroptera","order","Norian","",228,208.5,152.781998,-27.552,114.17,-60.72,"Neuroptera",23,21,118.273,-58.3286
"6175","Triassopsychops superbus","species","Norian","",228,208.5,152.826996,-27.606001,114.17,-60.79,"Neuroptera",23,21,118.3089,-58.393
"6185","Osmylopsychops spillerae","species","Norian","",228,208.5,152.826996,-27.606001,114.17,-60.79,"Neuroptera",23,21,118.3089,-58.393
"62111","Osmylopsychops spillerae","species","Norian","",228,208.5,152.768997,-27.549999,114.15,-60.71,"Neuroptera",23,21,118.2538,-58.3227
"6235","Petropsychops superbus","species","Norian","",228,208.5,152.781998,-27.552,114.17,-60.72,"Neuroptera",23,21,118.273,-58.3286
"7454","Osmylopsychops radialis","species","Carnian","",237,228,6.683,45.417,30.73,19.73,"Neuroptera",24,23,14.9351,17.7806
"21319","Pseudotriassothemis okafujii","species","Carnian","",237,228,131.149002,34.182999,134.61,17.81,"Odonata",24,23,116.7508,43.1157
"21417","Pseudotriassothemis nipponensis","species","Carnian","",237,228,131.149002,34.182999,134.61,17.81,"Odonata",24,23,116.7508,43.1157
"21518","Odonata","order","Norian","",228,208.5,152.781998,-27.552,114.17,-60.72,"Odonata",23,21,118.273,-58.3286
"28215","Mesomantidion queenslandicum","species","Norian","",228,208.5,152.753998,-27.621,114.05,-60.76,"Odonata",23,21,118.1832,-58.3847
"28316","Odonata","order","Norian","",228,208.5,152.753998,-27.621,114.05,-60.76,"Odonata",23,21,118.1832,-58.3847
"28415","Triassolestes epiophlebioides","species","Norian","",228,208.5,152.753998,-27.621,114.05,-60.76,"Odonata",23,21,118.1832,-58.3847
"28515","Triassophlebia stigmatica","species","Norian","",228,208.5,152.753998,-27.621,114.05,-60.76,"Odonata",23,21,118.1832,-58.3847
"30814","Afrotriassothemis regularis","species","Carnian","",237,228,26.833332,-31.466667,-2.97,-52.71,"Odonata",24,23,-4.7415,-59.7152
"30913","Afrotriassothemis heidiae","species","Carnian","",237,228,26.833332,-31.466667,-2.97,-52.71,"Odonata",24,23,-4.7415,-59.7152
"31115","Triassoneura andersoni","species","Carnian","",237,228,26.833332,-31.466667,-2.97,-52.71,"Odonata",24,23,-4.7415,-59.7152
"33415","Pseudotriassothemis minensis","species","Carnian","",237,228,131.149002,34.182999,134.61,17.81,"Odonata",24,23,116.7508,43.1157
"4676","Triassothemis mendozensis","species","Carnian","",237,228,-69.133003,-33.075001,-27.6,-39.29,"Odonata",24,23,-35.5109,-47.6319
"9394","Koreatriassothemis elongatus","species","Norian","",228,208.5,126.625954,36.338951,138.14,38.97,"Odonata",23,21,111.4528,40.6577
"9404","Isophlebioptera","unranked clade","Norian","",228,208.5,126.63028,36.350834,138.15,38.98,"Odonata",23,21,111.461,40.6684
"3869","Orthoptera","order","Norian","",228,208.5,-79.668999,36.540901,-12.82,9.85,"Orthoptera",23,21,-19.7049,4.0879
"6727","Triassolocusta leptoptera","species","Norian","",228,208.5,152.781998,-27.552,114.17,-60.72,"Orthoptera",23,21,118.273,-58.3286
"6825","Prohagla imperfecta","species","Norian","",228,208.5,152.781998,-27.552,114.17,-60.72,"Orthoptera",23,21,118.273,-58.3286
"6927","Prohagla","genus","Norian","",228,208.5,152.781998,-27.552,114.17,-60.72,"Orthoptera",23,21,118.273,-58.3286
"7024","Neohagla sinuata","species","Norian","",228,208.5,152.781998,-27.552,114.17,-60.72,"Orthoptera",23,21,118.273,-58.3286
"7135","Mesogryllacris giganteus","species","Norian","",228,208.5,152.781998,-27.552,114.17,-60.72,"Orthoptera",23,21,118.273,-58.3286
"7225","Xenopterum crosbyi","species","Norian","",228,208.5,152.781998,-27.552,114.17,-60.72,"Orthoptera",23,21,118.273,-58.3286
"14128","Triassomantis pygmaeus","species","Norian","",228,208.5,152.753998,-27.621,114.05,-60.76,"Orthoptera",23,21,118.1832,-58.3847
"14220","Triassolocusta leptoptera","species","Norian","",228,208.5,152.753998,-27.621,114.05,-60.76,"Orthoptera",23,21,118.1832,-58.3847
"29215","Voliopus margueritae","species","Carnian","",237,228,26.433332,-31.466667,-3.38,-52.48,"Orthoptera",24,23,-5.2979,-59.5224
"29317","Gryllacrimima johnski","species","Carnian","",237,228,26.833332,-31.466667,-2.97,-52.71,"Orthoptera",24,23,-4.7415,-59.7152
"29418","Afrohagla contorta","species","Carnian","",237,228,26.833332,-31.466667,-2.97,-52.71,"Orthoptera",24,23,-4.7415,-59.7152
"29517","Dordrechtia","genus","Carnian","",237,228,26.833332,-31.466667,-2.97,-52.71,"Orthoptera",24,23,-4.7415,-59.7152
"29615","Gryllacrimima","genus","Carnian","",237,228,26.833332,-31.466667,-2.97,-52.71,"Orthoptera",24,23,-4.7415,-59.7152
"29716","Proparagryllacrididae","family","Carnian","",237,228,26.833332,-31.466667,-2.97,-52.71,"Orthoptera",24,23,-4.7415,-59.7152
"29814","Proparagryllacrididae","family","Carnian","",237,228,26.216667,-31.566668,-3.72,-52.43,"Orthoptera",24,23,-5.7095,-59.4995
"29916","Dordrechtia aasvoelbergensis","species","Carnian","",237,228,26.216667,-31.566668,-3.72,-52.43,"Orthoptera",24,23,-5.7095,-59.4995
"30012","Lutheria dewetii","species","Carnian","",237,228,26.950001,-30.683332,-1.98,-52.2,"Orthoptera",24,23,-3.7202,-59.1206
"30116","Haglidae","family","Carnian","",237,228,26.950001,-30.683332,-1.98,-52.2,"Orthoptera",24,23,-3.7202,-59.1206
"30216","Afrohagla","genus","Carnian","",237,228,27.916668,-31.5,-1.87,-53.36,"Orthoptera",24,23,-3.246,-60.2585
"30315","Dordrechtia robusta","species","Carnian","",237,228,27.5,-29.5,-0.14,-51.62,"Orthoptera",24,23,-1.7146,-58.3826
"30415","Dordrechtia robusta","species","Carnian","",237,228,29,-30.5,0.4,-53.23,"Orthoptera",24,23,-0.5956,-59.9183
"30516","Lutheria dewetii","species","Carnian","",237,228,28.516001,-30.683001,-0.33,-53.09,"Orthoptera",24,23,-1.4929,-59.8521
"34715","Dordrechtia robusta","species","Carnian","",237,228,26.833332,-31.466667,-2.97,-52.71,"Orthoptera",24,23,-4.7415,-59.7152
"41013","Notopamphagopsis","genus","Carnian","",237,228,-67.76667,-29.883333,-26.28,-36.05,"Orthoptera",24,23,-34.106,-44.3772
"4146","Notopamphagopsis","genus","Carnian","",237,228,-69.114998,-33.080002,-27.58,-39.29,"Orthoptera",24,23,-35.4881,-47.636
"7895","Euhagla saurensis","species","Norian","",228,208.5,85.199997,47.5,80.08,58.25,"Orthoptera",23,21,64.1849,55.1534
"7905","Paramaraga fusca","species","Carnian","",237,228,80.349998,43.450001,82.99,47.04,"Orthoptera",24,23,65.468,49.9247
"8755","Proparagryllacris crassifemur","species","Norian","",228,208.5,152.757004,-27.621,114.05,-60.76,"Orthoptera",23,21,118.188,-58.3857
"8766","Proparagryllacris crassifemur","species","Norian","",228,208.5,152.753998,-27.621,114.05,-60.76,"Orthoptera",23,21,118.1832,-58.3847
"9375","Afrohagla contorta","species","Carnian","",237,228,26.433332,-31.466667,-3.38,-52.48,"Orthoptera",24,23,-5.2979,-59.5224
"9385","Afrohagla contorta","species","Carnian","",237,228,27.5,-29.5,-0.14,-51.62,"Orthoptera",24,23,-1.7146,-58.3826
"9395","Afrohagla","genus","Carnian","",237,228,26.233334,-31.533333,-3.66,-52.41,"Orthoptera",24,23,-5.649,-59.4802
"94111","Notopamphagopsis bolivari","species","Carnian","",237,228,-69.119003,-33.082001,-27.59,-39.29,"Orthoptera",24,23,-35.4929,-47.6382
"9702","Ensifera","suborder","Norian","",228,208.5,-75.247398,40.344898,-9.47,13.81,"Orthoptera",23,21,-16.2202,7.8882
"10231","Cascadelcana virginiana","species","Norian","",228,208.5,-79.668999,36.540901,-12.82,9.85,"Orthoptera",23,21,-19.7049,4.0879
"10734","Magnatitan jongheoni","species","Norian","",228,208.5,126.625954,36.338951,138.14,38.97,"Orthoptera",23,21,111.4528,40.6577
"21000","Gondwanoperlidium argentinarum","species","Carnian","",237,228,-69.1101,-33.0812,-27.58,-39.29,"Plecoptera",24,23,-35.4819,-47.637
"3877","Gondwanoperlidium mendozensis","species","Carnian","",237,228,-69.1101,-33.0812,-27.58,-39.29,"Plecoptera",24,23,-35.4819,-47.637
"4137","Plecoptera","order","Norian","",228,208.5,152.781998,-27.552,114.17,-60.72,"Plecoptera",23,21,118.273,-58.3286
"16130","Euxenoperla clara","species","Carnian","",237,228,26.833332,-31.466667,-2.97,-52.71,"Plecoptera",24,23,-4.7415,-59.7152
"17129","Gondwanoperlidium argentina","species","Carnian","",237,228,-69.1101,-33.0812,-27.58,-39.29,"Plecoptera",24,23,-35.4819,-47.637
"37103","Argentinoperlidium rogersi","species","Carnian","",237,228,-67.76667,-29.883333,-26.28,-36.05,"Plecoptera",24,23,-34.106,-44.3772
"10420","Siberioperla angulata","species","Norian","",228,208.5,37.049999,49.18,40.37,39.41,"Plecoptera",23,21,31.1034,33.5539
"10525","Siberioperla ovalis","species","Norian","",228,208.5,85.199997,47.5,80.08,58.25,"Plecoptera",23,21,64.1849,55.1534
"12719","Trianguliperla aequalis","species","Norian","",228,208.5,85.199997,47.5,80.08,58.25,"Plecoptera",23,21,64.1849,55.1534
"13129","Trianguliperla innoxia","species","Norian","",228,208.5,37.049999,49.18,40.37,39.41,"Plecoptera",23,21,31.1034,33.5539
"13220","Berekia neglecta","species","Norian","",228,208.5,37.049999,49.18,40.37,39.41,"Plecoptera",23,21,31.1034,33.5539
"20520","Platyperla marquati","species","Carnian","",237,228,-69.1101,-33.0812,-27.58,-39.29,"Plecoptera",24,23,-35.4819,-47.637
"21923","Gondwanoperlidium triassicum","species","Norian","",228,208.5,152.757004,-27.621,114.05,-60.76,"Plecoptera",23,21,118.188,-58.3857
"22023","Gondwanoperlidium triassicum","species","Norian","",228,208.5,152.753998,-27.621,114.05,-60.76,"Plecoptera",23,21,118.1832,-58.3847
"24816","Capitiperla tonicopoda","species","Carnian","",237,228,88.18,43.125,90.36,50.01,"Plecoptera",24,23,72.2225,53.8274
"25618","Triassoperla yongrenensis","species","Norian","",228,208.5,101.550003,26.1,111.46,26.03,"Plecoptera",23,21,89.7819,22.4683
"26218","Siberioperlidae","family","Norian","",228,208.5,126.63028,36.350834,138.15,38.98,"Plecoptera",23,21,111.461,40.6684
"26318","Platyperla","genus","Norian","",228,208.5,126.63028,36.350834,138.15,38.98,"Plecoptera",23,21,111.461,40.6684
"26418","Baleyopterygidae","family","Norian","",228,208.5,126.625954,36.338951,138.14,38.97,"Plecoptera",23,21,111.4528,40.6577
"21003","Cladochoristella bryani","species","Norian","",228,208.5,152.781998,-27.552,114.17,-60.72,"Trichoptera",23,21,118.273,-58.3286
"3887","Prorhyacophila colliveri","species","Norian","",228,208.5,152.781998,-27.552,114.17,-60.72,"Trichoptera",23,21,118.273,-58.3286
"32414","Terrindusia","genus","Carnian","",237,228,84.932503,45.673332,85.08,50.75,"Trichoptera",24,23,66.3822,53.8334
